,id,date_posted,content,user_id,retweet,comment,toxicity,threat,sexually_explicit,profanity,insult,identity_attack,flirtation
0,6994,<built-in method utcnow of type object at 0x10dc45478>,@schola_gomes oh I'll make you some brownies alright;))),2,,,0.15320358,0.26238558,0.16262527,0.14047077,0.09322964,0.14334229,0.611569
1,20000,<built-in method utcnow of type object at 0x10dc45478>,"RT @shakiraevanss: Criticize Amanda for saying the n word, sure, but don't make jokes about her sexual assault, don't be trash.",2,,,0.794439,0.4325815,0.86481875,0.6222302,0.7923682,0.36497852,0.48103926
2,5206,<built-in method utcnow of type object at 0x10dc45478>,@Yankees isn't that kind of saying the #Braves won't make it to the World Series? LOL,5,,,0.14031899,0.04587297,0.03545195,0.049987897,0.15799016,0.17221102,0.27334607
3,15714,<built-in method utcnow of type object at 0x10dc45478>,RT @JOEL9ONE: Thanks Carolina fans 4 the flipped birds+few bottles to the head. Sticks n stones may break my bones but aluminum zimas will &#8230;,1,,,0.24183011,0.5214726,0.09157115,0.18772516,0.22177419,0.14857994,0.48360127
4,21332,<built-in method utcnow of type object at 0x10dc45478>,"Thank you Charlie, Happy Thursday @Charlie4927 @StacyDmomof5 @PattiSM74 @Kacado @cantUCIMblonde @RevkahJC",9,,,0.08964402,0.08813123,0.13146392,0.086913526,0.06984863,0.11090584,0.41842422
5,24095,<built-in method utcnow of type object at 0x10dc45478>,is it ghetto to grease yo scalp at work,8,,,0.32082516,0.58155835,0.14390188,0.2261242,0.23074213,0.24073254,0.29020017
6,4617,<built-in method utcnow of type object at 0x10dc45478>,@SVL305 but @leemcastro is not even a blogger. He doesn't have the moxy or credentials to do anything by himself and create a brand.,8,,,0.098985456,0.072548464,0.026810883,0.03146213,0.1200492,0.040114533,0.3261506
7,15671,<built-in method utcnow of type object at 0x10dc45478>,RT @ItsFoodPorn: Oreo cheesecake bites! http://t.co/iHgu1ZuyZt,8,,,0.19708072,0.31167468,0.23916215,0.25145346,0.17776398,0.16954012,0.51195014
8,11873,<built-in method utcnow of type object at 0x10dc45478>,Islamic Jihadis run away to Pakistan @PureMonotheist @BemetOr8 #UniteBlue,9,,,0.5876557,0.5625966,0.16033866,0.42013302,0.48893932,0.7996932,0.3840963
9,21108,<built-in method utcnow of type object at 0x10dc45478>,"Sorry Sam, I went to @elonuniversity RT @wulfpacksam83: Is wes durham woody durham son???? If so, why is that tar baby doing a PACK game.",1,,,0.30556554,0.18689072,0.14741136,0.21925159,0.3273929,0.21376598,0.49958807
10,13640,<built-in method utcnow of type object at 0x10dc45478>,"One more of tonight's dog walk sunset. AKA, invisible bird on a wire. #sunset #invisiblebird #wires http://t.co/ilTShXLYjd",2,,,0.14115669,0.29264435,0.12366124,0.1413477,0.1282359,0.1851603,0.50397754
11,20386,<built-in method utcnow of type object at 0x10dc45478>,RT @xoxo_Geee: Chest tattoos on females are trash .,9,,,0.93232936,0.30810875,0.4034024,0.80544984,0.9365102,0.95402986,0.46680522
12,23813,<built-in method utcnow of type object at 0x10dc45478>,f u tumblr bc my blog is black &amp; white but there's so many great colored things I could reblog fml,8,,,0.37399423,0.2652495,0.35829327,0.43020806,0.2821475,0.47952422,0.44297543
13,5922,<built-in method utcnow of type object at 0x10dc45478>,@elise_palmer im assuming mickey bubbles,1,,,0.26247275,0.40639463,0.16463499,0.24997784,0.19427703,0.15139674,0.2838754
14,12967,<built-in method utcnow of type object at 0x10dc45478>,My bird got a headache &#128527;&#128530;,6,,,0.08175147,0.12930389,0.046813656,0.036872577,0.061096016,0.0686636,0.35639438
15,21110,<built-in method utcnow of type object at 0x10dc45478>,Sorry all my fellow negros,2,,,0.676429,0.23677237,0.21419643,0.5739221,0.6264762,0.8228678,0.4091288
16,9133,<built-in method utcnow of type object at 0x10dc45478>,Flappy bird stresses me out,2,,,0.32492572,0.30054575,0.5326713,0.2877359,0.16527423,0.13862573,0.6780906
17,23977,<built-in method utcnow of type object at 0x10dc45478>,i get what that girls point seems to be but colored people died during the holocaust and 9/11. ((if that's a picture of the holocaust idk)),8,,,0.56106323,0.7625969,0.17833856,0.3376718,0.36685503,0.7393293,0.36988312
18,7208,<built-in method utcnow of type object at 0x10dc45478>,@truckpartstores Intended to get pics but didn't have time.. Must be a mud race/event here this weekend.. Is like a redneck convoy out there,6,,,0.21505295,0.1116112,0.095343925,0.112380825,0.24500784,0.2683299,0.3851379
19,3100,<built-in method utcnow of type object at 0x10dc45478>,@EakaErick I wouldn't share a wave with those trash cans,1,,,0.39475626,0.14678556,0.12100803,0.30929467,0.4331419,0.1095448,0.25150076
20,2315,<built-in method utcnow of type object at 0x10dc45478>,"@1SonofYahweh &amp; what we do with our foolish proud selves? Roll our eyes, pretend that we dont see, mock or laff at them, arrogant attitudes",7,,,0.66097075,0.21817045,0.121614546,0.5090287,0.7591808,0.27248865,0.39566737
21,23584,<built-in method utcnow of type object at 0x10dc45478>,anybody want any sugar maple saplings? I have about 50 popping up in Heidi's hillbilly beach. me and emm's planted two Friday.,4,,,0.1522558,0.07578785,0.09285083,0.06331974,0.18094662,0.09156634,0.38553017
22,9042,<built-in method utcnow of type object at 0x10dc45478>,Facebook is for the birds...I'm over it,8,,,0.06021786,0.05275005,0.051286407,0.03486645,0.03238711,0.022916539,0.25197867
23,8025,<built-in method utcnow of type object at 0x10dc45478>,Big night of &#127936; #hoosiers #iubb #big10 and #pacers #nba #indiana #hoosierstate #paulgeorge #codyzeller http://t.co/UFmje1gk,8,,,0.14197965,0.30034563,0.23643452,0.16148756,0.115931496,0.24778503,0.5471316
24,14061,<built-in method utcnow of type object at 0x10dc45478>,RT @AC_Hussle: Bron pregame speeches be so trash though lmao,5,,,0.68241733,0.2562764,0.15608495,0.6115971,0.70088124,0.2949908,0.2941404
25,2130,<built-in method utcnow of type object at 0x10dc45478>,"'Eff it, let's go after the cripple&#8217;: You have to see Wendy Davis' new attack ad [video] http://t.co/WapBCHhuru",0,,,0.4419301,0.53587675,0.103655316,0.28799686,0.45329848,0.283127,0.42187274
26,2168,<built-in method utcnow of type object at 0x10dc45478>,"-Can I help you?
-Maybe. You gotta card for &#8220;Sorry that tranny died in your motel room; now your wife knows. Here&#8217;s an Applebees gift card&#8221;?",7,,,0.53490317,0.4364087,0.21751799,0.18942687,0.5601245,0.574283,0.34697413
27,1092,<built-in method utcnow of type object at 0x10dc45478>,&#8220;@AbstractLife: @NigelDixon1 @SeanTHarrington Orton is trash idc&#8221; he ain't been playing. Trashlex Smith only sat out Kaep took his spot.,0,,,0.4888615,0.09863764,0.036463466,0.16180643,0.6356477,0.17698757,0.37791622
28,13623,<built-in method utcnow of type object at 0x10dc45478>,On the anniversary of 9/11 #ISIS &amp; Al Qaeda supporters each claim Ben Laden as their own as a show of their Jihadi authenticity #pathetic,2,,,0.7693115,0.5135957,0.34517002,0.7072917,0.8301602,0.63523746,0.46149325
29,19053,<built-in method utcnow of type object at 0x10dc45478>,"RT @goddesslaney: @lajouetreine if you give that statement any thought at all you will realize it makes no sense. At all. Please, think abo&#8230;",8,,,0.1651624,0.20112884,0.22835003,0.21530911,0.1651577,0.13881516,0.6461105
30,16821,<built-in method utcnow of type object at 0x10dc45478>,"RT @Oreo: @Honda Wow, and we thought we were the only ones with a luxurious interior #OreoLove #StufOfLegend",9,,,0.23982985,0.2801735,0.21414289,0.30531615,0.16972142,0.097761825,0.52502793
31,18765,<built-in method utcnow of type object at 0x10dc45478>,RT @chughes717: @TyZebruh trash cans are always demanding new music from the gawd Tyga,5,,,0.2518447,0.08141152,0.06471847,0.21565424,0.26220253,0.13698384,0.2410694
32,18163,<built-in method utcnow of type object at 0x10dc45478>,RT @Yankees: Were you expecting anything short of fireworks in his final homestand? #FarewellCaptain http://t.co/5nTacrQ43m,1,,,0.15127696,0.18119882,0.11956115,0.15196544,0.1631559,0.2327155,0.41366464
33,23071,<built-in method utcnow of type object at 0x10dc45478>,Ya'll take note. There ain't never tornadoes where colored folk live,7,,,0.38327813,0.45560938,0.1275618,0.23303385,0.3147522,0.6350989,0.36838758
34,5699,<built-in method utcnow of type object at 0x10dc45478>,@caycifish What is that monkey doing to those poor bottles?,1,,,0.31089434,0.060310245,0.0654003,0.14176106,0.44629747,0.16188104,0.25954401
35,8921,<built-in method utcnow of type object at 0x10dc45478>,Early worm gets the bird #Bslfe #GoodMorning http://t.co/dfE8MF2Q28,6,,,0.29756704,0.20900796,0.055793863,0.20431034,0.29500696,0.045056995,0.29868397
36,576,<built-in method utcnow of type object at 0x10dc45478>,"""Two roads diverged in a yellow wood, and I chose the one to J&#246;tunheimr""
- Robert Frost Giant",7,,,0.02591573,0.035708454,0.03492036,0.016678264,0.016311584,0.011332453,0.4159706
37,7404,<built-in method utcnow of type object at 0x10dc45478>,A GWB appointee. There goes the ACTIVIST JUDGES slant. Oh wait? It's already been exposed as completely farcical. A GWB appointee.,2,,,0.39294887,0.078701355,0.054554805,0.0970469,0.5348775,0.1383945,0.40459242
38,15860,<built-in method utcnow of type object at 0x10dc45478>,RT @JonyPrivat: #cheese #crackers #lacking http://t.co/ijDHKWdkoQ,2,,,0.17190991,0.25606236,0.13367574,0.1700668,0.14625365,0.18111543,0.36629194
39,2373,<built-in method utcnow of type object at 0x10dc45478>,@ActaBunniFooFoo I like my gross yellow heat lamps. Why?,5,,,0.13097425,0.057315275,0.10559159,0.09902835,0.10940246,0.11489639,0.40341458
40,20176,<built-in method utcnow of type object at 0x10dc45478>,"RT @theycallmenavy: @royaltyclubvp @Aswaad88 worse yet u meet a bird with a nice ras and you're like ""something about u looks familiar"" lol&#8230;",7,,,0.18916576,0.17323127,0.09984232,0.17131163,0.22416118,0.12191083,0.6699163
41,1158,<built-in method utcnow of type object at 0x10dc45478>,"&#8220;@BurgerKing: What&#8217;s going to be your pick for #SelectionSunday? #2for5 #WatchLikeaKing http://t.co/aBam30gSk4&#8221;

Dis make colored folk happy",8,,,0.25271407,0.4520545,0.23861353,0.18572676,0.19011424,0.48408344,0.5757719
42,2012,<built-in method utcnow of type object at 0x10dc45478>,&lt;-- nudes are trash,3,,,0.82834285,0.2784646,0.7843744,0.753811,0.80613285,0.42850533,0.61177063
43,13817,<built-in method utcnow of type object at 0x10dc45478>,Phil Hughes looking like the Phil Hughes of old. 2010. #Yankees #MLB,2,,,0.053677328,0.02397717,0.024564648,0.020174216,0.03634827,0.051743235,0.43428355
44,4938,<built-in method utcnow of type object at 0x10dc45478>,@TheMayorMatt has to be #live version ! #pulledpork #clams #babyjesus #lilsmokey,3,,,0.2578635,0.24515574,0.1867265,0.23105256,0.25777847,0.19593747,0.49956217
45,16963,<built-in method utcnow of type object at 0x10dc45478>,"RT @PurelyFootball: Well done to @kimabakken who correctly answered Almeria. 26 yellow, and 1 red card so far this season.",6,,,0.08988337,0.054861363,0.061237514,0.11668085,0.06835138,0.05091612,0.3818952
46,23149,<built-in method utcnow of type object at 0x10dc45478>,Yee boy my yung nicca told me dat waxx,4,,,0.15396059,0.18263885,0.24185291,0.14906253,0.09047354,0.14024936,0.5246879
47,6966,<built-in method utcnow of type object at 0x10dc45478>,@sandcowboy31 hey it's hillbilly jim and Greg the hammer valentine #pffttt,3,,,0.3096748,0.47173947,0.19747254,0.29020223,0.29228517,0.28875387,0.4246421
48,13521,<built-in method utcnow of type object at 0x10dc45478>,Obama's Hellfire missiles tend to vaporize Jihadis @BemetOr8 @PureMonotheist #UniteBlue,2,,,0.46877387,0.59583706,0.16367128,0.32964382,0.47395334,0.341465,0.32829276
49,23734,<built-in method utcnow of type object at 0x10dc45478>,"cut up porkchop, canned pinto beans, a small can of carrots, can of corn, celery, a potato. cayenne powder + crushed red pepper",3,,,0.15137301,0.32476053,0.10058725,0.09024061,0.13031748,0.06390184,0.3785755
50,6927,<built-in method utcnow of type object at 0x10dc45478>,"@rickahyatt @donaldbroom @Poysti 
That bastard Obama is giving them to the f-ing wetbacks.",0,,,0.88824683,0.2730559,0.1899879,0.8868394,0.90417844,0.5536781,0.3103559
51,3456,<built-in method utcnow of type object at 0x10dc45478>,@IIXIXIII bruhhh I'm joking... Don't pop trunk on me I'm just a bitch ass niiiieeegggaaa,3,,,0.9480856,0.6934736,0.97149086,0.9559142,0.88075686,0.7457846,0.76531297
52,19289,<built-in method utcnow of type object at 0x10dc45478>,"RT @itscoleharmon_: Guys at parties be screaming ""these hoes ain't loyal"" but they drunk &amp; cheating on they gf with a girl who look like Ra&#8230;",6,,,0.5876557,0.34498012,0.682759,0.56778294,0.5900346,0.4429415,0.8379055
53,17945,<built-in method utcnow of type object at 0x10dc45478>,"RT @Unt_Unnnnn: Moment of truth, these hoes the truth",9,,,0.42247424,0.3005559,0.28427958,0.50413716,0.3741273,0.2634039,0.50985134
54,4694,<built-in method utcnow of type object at 0x10dc45478>,@ShenellyB lol u knw dem project bitches be having dem light brown roaches we call dem water bugs &#128514;&#128514;,5,,,0.87887913,0.21967871,0.3436094,0.9007244,0.895227,0.723082,0.30842596
55,70,<built-in method utcnow of type object at 0x10dc45478>,"""@Almightywayne__: Fuck Red Malone man bitch ass niggah"" could you please use complete sentences?",4,,,0.95876884,0.41768333,0.95022625,0.96887034,0.9354344,0.9399891,0.5231861
56,14430,<built-in method utcnow of type object at 0x10dc45478>,RT @BloodBloodBIood: Valentines day is just an extra Christmas for bitches blood,0,,,0.89450073,0.52111787,0.23050663,0.9349397,0.895227,0.67710006,0.31638464
57,9467,<built-in method utcnow of type object at 0x10dc45478>,Goes ape shit on my ass like nigggga tf you doin&#128545; i hust saved yo life so i pushed her ass into the the wall then she calmed down again&#128553;&#128529;,3,,,0.966456,0.70101446,0.97458434,0.96887034,0.93234444,0.9500289,0.7784964
58,19726,<built-in method utcnow of type object at 0x10dc45478>,"RT @mykvh: bitches be like ""if you come over were not fucking"" but it happened &amp; she shaved bitch knew wassup &#128514;",7,,,0.94992846,0.2805409,0.64423466,0.9750864,0.93234444,0.727213,0.4616787
59,522,<built-in method utcnow of type object at 0x10dc45478>,"""Lmao @BlackBeauty515: &#128514;&#128514; RT @80sbaby4life: Pound cake look like pussy &#128514; http://t.co/UFYwCC9xCI""",8,,,0.79845786,0.312717,0.9274784,0.86192477,0.6501907,0.58975655,0.53184575
60,20440,<built-in method utcnow of type object at 0x10dc45478>,RT @zakkmcdaniel: You need to at least not be a bitch 12/7 to date me,4,,,0.8299307,0.3264461,0.49073413,0.8868394,0.80613285,0.583988,0.67639554
61,9256,<built-in method utcnow of type object at 0x10dc45478>,Fuck her pussy &#127814;&#128047; Fuck her mouth &#127814;&#128068; Fuck her ass &#127814;&#128169; &#128514;&#128514; cause she nasty,5,,,0.95948833,0.7512478,0.97149086,0.9559142,0.8715003,0.61239874,0.8650926
62,16842,<built-in method utcnow of type object at 0x10dc45478>,RT @POONsoaker: Her pussy A1 if she can quote over 15 boosie quotes,8,,,0.88824683,0.508323,0.97149086,0.89808005,0.5178103,0.27170804,0.86838424
63,18070,<built-in method utcnow of type object at 0x10dc45478>,RT @WhoreFandom: I'm going to let the pussy out like fight night #vote5sos,5,,,0.93271875,0.72490495,0.97149086,0.9370484,0.772234,0.47845295,0.7784964
64,17897,<built-in method utcnow of type object at 0x10dc45478>,RT @Tylar____: @1stBlocJeremiah bitch shutUP,8,,,0.93232936,0.29578108,0.39208615,0.93690646,0.9188512,0.64983565,0.3172911
65,17720,<built-in method utcnow of type object at 0x10dc45478>,RT @TheRealTenski: When I die take my casket to the club so bitches can twerk on it I'm putting the fun back in funeral,2,,,0.8980023,0.8335173,0.6833634,0.91128254,0.895227,0.6350989,0.56824297
66,4955,<built-in method utcnow of type object at 0x10dc45478>,@TheREALJB1RD Now beaners drive em.,7,,,0.4369226,0.6204165,0.13581643,0.3069819,0.32154655,0.4104121,0.321619
67,23363,<built-in method utcnow of type object at 0x10dc45478>,You know you a bitch ass so I don't need to say it.,9,,,0.9798183,0.38167933,0.97458434,0.9750864,0.9566206,0.55226606,0.675979
68,13280,<built-in method utcnow of type object at 0x10dc45478>,Nigga a dyke RT @2Girls1Richard: .. RT @_AyooTeezy: Melo garbage ass just now hitting 20k,9,,,0.9480856,0.86080766,0.97149086,0.93690646,0.89549816,0.9524126,0.670766
69,24720,<built-in method utcnow of type object at 0x10dc45478>,wow! RT @Tendilkar: RT @LyricalSunset: RT @LilMissCuntCake: Some bitches just deserve to get punched. In the vagina.,5,,,0.94992846,0.9712794,0.97458434,0.9517879,0.9091764,0.7462943,0.7784964
70,13912,<built-in method utcnow of type object at 0x10dc45478>,Pretty sure I got ya bitch nudes in my phone nigga,6,,,0.94874877,0.3008133,0.9573436,0.9563761,0.88388526,0.92998,0.8546478
71,5670,<built-in method utcnow of type object at 0x10dc45478>,"@brookeschade @piperleigh_ @cass_uhhh_deee @baylee247 all of yall stfu, your all pussies and won't do shit",4,,,0.9568931,0.5751282,0.9545521,0.95747674,0.9020888,0.6008172,0.6034929
72,4681,<built-in method utcnow of type object at 0x10dc45478>,@ShainaRakia only great thing these bitches can offer &#128514;&#128514;&#128514;,4,,,0.9156528,0.24978963,0.25861508,0.93690646,0.9336885,0.7148582,0.32289904
73,12633,<built-in method utcnow of type object at 0x10dc45478>,Long hair = pussy any time you want it,4,,,0.9328557,0.27573895,0.97484785,0.95552933,0.6882307,0.3948263,0.8981763
74,2584,<built-in method utcnow of type object at 0x10dc45478>,@BetoDavidThomas @JesseCanon lmfaooo oh well fuck that bitch,0,,,0.9788688,0.48153737,0.92006356,0.9821887,0.9461651,0.6350989,0.6972793
75,15758,<built-in method utcnow of type object at 0x10dc45478>,"RT @Jarhead44: Hi, can I buy you a margarita?

Sure!

So, I like the way your barstool shows off your clam.",5,,,0.3219122,0.2502045,0.29753622,0.27580625,0.28104457,0.086988166,0.7784964
76,608,<built-in method utcnow of type object at 0x10dc45478>,"""You can pull more pussy with a dodge and collect them panties alright."" -stormy and jake &#128514;&#128514;&#128514;",2,,,0.8984578,0.5430844,0.97149086,0.91128254,0.68785954,0.398554,0.8508239
77,21598,<built-in method utcnow of type object at 0x10dc45478>,The only time I screamed was when Tyrese tackled that hoe ass bitch #TheWalkingDead,5,,,0.9399579,0.60520047,0.9660064,0.9416275,0.8301602,0.48150173,0.65566105
78,16001,<built-in method utcnow of type object at 0x10dc45478>,"RT @KfromtheG: Lol robbing ain't the word ""@iSell_Pussy4EBT: Damn you was robbing them bitches @pebbles2day""",1,,,0.9480856,0.6040033,0.92006356,0.9566053,0.9198848,0.6913179,0.6103503
79,23119,<built-in method utcnow of type object at 0x10dc45478>,Yea randy that white 745 changed my whole mind that hoe nice,2,,,0.46176827,0.16815284,0.33529836,0.3516341,0.37899736,0.4160365,0.52611077
80,4450,<built-in method utcnow of type object at 0x10dc45478>,@PussyBeezus_ whatever hoe,2,,,0.88495654,0.2681492,0.9783206,0.91128254,0.4708059,0.2432977,0.6401536
81,24490,<built-in method utcnow of type object at 0x10dc45478>,thank god FOB didnt come back doing some shitty arena tour. #iwaited5yearsforfobandiallgotwasthisshittyarena SYKEEEE,4,,,0.72578067,0.15598285,0.15179276,0.83617294,0.6500613,0.51059735,0.2543872
82,13013,<built-in method utcnow of type object at 0x10dc45478>,My dad goes son of a bitch and just lights a cigarette in the kitchen... Oh&#128514;&#128514;&#128514;&#128514;,9,,,0.9036393,0.24287026,0.24872962,0.9249078,0.9141849,0.48189914,0.2998893
83,16654,<built-in method utcnow of type object at 0x10dc45478>,RT @NikoWavy: If you know yo pussy smells like death why tf would you sit there an let a nigga finger you? Bitches have no shame man.,0,,,0.9528187,0.859838,0.97149086,0.9588366,0.9441398,0.94987166,0.7784964
84,11415,<built-in method utcnow of type object at 0x10dc45478>,I'm the man around dis bitch baby,3,,,0.9170679,0.26963317,0.5558494,0.9559142,0.9075608,0.564036,0.55994844
85,13622,<built-in method utcnow of type object at 0x10dc45478>,"On my own shit, jus turned 18 bitches on dat ""now you grown"" shit &#128527;",8,,,0.96488744,0.19782332,0.44886315,0.9834625,0.9404619,0.6122928,0.33992448
86,24689,<built-in method utcnow of type object at 0x10dc45478>,who's pussy better then a crazy bitch?,5,,,0.9734881,0.29318285,0.97458434,0.9750864,0.9579346,0.58523935,0.6723631
87,4346,<built-in method utcnow of type object at 0x10dc45478>,@On_Point_Prg another keyboard commando in real life you hide like a little bitch,8,,,0.9586273,0.3072782,0.4134588,0.9565325,0.9619347,0.5440157,0.3134545
88,2623,<built-in method utcnow of type object at 0x10dc45478>,"@BlackberryTroll Blah. If people are determined to think of you as a condescending bitch, it's their loss.",3,,,0.93232936,0.1190001,0.27287477,0.95601654,0.9474255,0.39781928,0.18868427
89,17085,<built-in method utcnow of type object at 0x10dc45478>,RT @ReggieRipBam: All I ever do is fuck bitches &amp; count stacks,2,,,0.955734,0.5143495,0.8475894,0.97377485,0.92291325,0.6954849,0.5545359
90,14898,<built-in method utcnow of type object at 0x10dc45478>,RT @DaRealDip: I hate wen a bitch fart den be like uughh uuuu farted...no bitch clearly u did ill let a mfa kno wen im fin to,5,,,0.9179928,0.50498706,0.5672577,0.9128308,0.9130885,0.6350989,0.5204299
91,9764,<built-in method utcnow of type object at 0x10dc45478>,Heard some good news today and all I gotta say is karma is a bitch &#128521;&#128139;&#9996;&#65039;,2,,,0.88740593,0.24247345,0.307901,0.91128254,0.895227,0.567828,0.30060688
92,21450,<built-in method utcnow of type object at 0x10dc45478>,That's how you know who be lying about getting in the pussy..talking about tasting like water and fruit and shit..tf is that?,1,,,0.9323543,0.08292746,0.9651972,0.9633293,0.7003871,0.29306027,0.447827
93,20482,<built-in method utcnow of type object at 0x10dc45478>,Real Niggas and Bad bitches have 2 things in common. You're both ignorant as fuck &amp; neither of you know that you're Kings and Queens.,0,,,0.9482032,0.2768246,0.66328704,0.9559142,0.9600455,0.94237345,0.3936428
94,14074,<built-in method utcnow of type object at 0x10dc45478>,RT @AIanHangover: I could never date someone who isn't goofy. Nobody's tryna date a bland boring ass bitch.,5,,,0.9630554,0.259516,0.9293801,0.9720475,0.9481788,0.5046251,0.5284327
95,7961,<built-in method utcnow of type object at 0x10dc45478>,Be mean or rude to my little sister again and I'll kick your ass. It applies to all of you little snooty bitches. K thanks.,7,,,0.97081673,0.9664865,0.97458434,0.96887034,0.9481788,0.72479945,0.7784964
96,22116,<built-in method utcnow of type object at 0x10dc45478>,This nigga think he gone play me shoot dice let yo hoe fade me,9,,,0.91273105,0.8763936,0.28991437,0.8744476,0.8856439,0.95402986,0.50358564
97,22322,<built-in method utcnow of type object at 0x10dc45478>,"Tyga is a hoe!!! He pooted in my muthafuckin face..... we bout to fight, bruh",5,,,0.9017223,0.5828246,0.78597754,0.9066618,0.8453147,0.41513458,0.6567008
98,19841,<built-in method utcnow of type object at 0x10dc45478>,"RT @philiciaaaa: mcm &#128525;
bc tomorrow's 6 months &#128152;
Fuck everyone who said we wouldn't last. Proved you bitches wrong @tropicaldrew_ http://t.&#8230;",6,,,0.932816,0.50533974,0.7407407,0.95355314,0.9091764,0.6350989,0.5205113
99,1859,<built-in method utcnow of type object at 0x10dc45478>,"&#8220;@missyf922: It's my birthday!!!!! Yesssss!!!!!&#8221;

Obviously nobody cares bitch",5,,,0.9325673,0.2776774,0.48452163,0.93690646,0.9222113,0.519039,0.42788574
100,116893,<built-in method utcnow of type object at 0x10dc45478>,@USER A recycled tweet to stir the passions of men who watch porn and strangely insult the women who make it.  Well done BB.,3,,,0.5876557,0.19355194,0.8915099,0.42963147,0.3024206,0.45772254,0.48807994
101,88634,<built-in method utcnow of type object at 0x10dc45478>,@USER What happened to wokeisis,9,,,0.15440615,0.16624346,0.13286051,0.1645563,0.10551527,0.10100288,0.22789471
102,89508,<built-in method utcnow of type object at 0x10dc45478>,@USER @USER @USER @USER @USER @USER @USER @USER @USER @USER @USER @USER @USER @USER @USER @USER @USER @USER @USER @USER @USER @USER Deplorables beware..some lights might be turned off..like streetlights,1,,,0.31089434,0.12785618,0.1400738,0.20119877,0.31060842,0.11204369,0.3382445
103,41232,<built-in method utcnow of type object at 0x10dc45478>,@USER @USER Unfortunately that it the liberals agenda,3,,,0.2834903,0.14425714,0.13579637,0.2474205,0.2645695,0.30982792,0.20321302
104,119894,<built-in method utcnow of type object at 0x10dc45478>,#EqualJustice requires that #Dems and conservatives be treated the same way under the law. URL,7,,,0.09882489,0.06445766,0.021171635,0.029023433,0.10240373,0.07333004,0.2403871
105,62827,<built-in method utcnow of type object at 0x10dc45478>,@USER @USER @USER @USER @USER @USER she is amazing!!,6,,,0.3454563,0.21566987,0.34039643,0.40220553,0.2939548,0.1718786,0.7784964
106,16326,<built-in method utcnow of type object at 0x10dc45478>,"RT @MANIAC3X: @larryx2010 @FloydMayweather not gonna happen the coward nigger gets lit up. He knows it. ""PAC has to sign to TMT"" but why di&#8230;",7,,,0.83603895,0.5829145,0.3750089,0.783563,0.85470164,0.92455935,0.5376066
107,90149,<built-in method utcnow of type object at 0x10dc45478>,@USER He is older but that's before the Cooley days,7,,,0.18648827,0.17792879,0.14800271,0.17927635,0.21604382,0.14923221,0.3234291
108,107125,<built-in method utcnow of type object at 0x10dc45478>,Fighting the lies with one letter.  #Q #QAnon #QArmy #MAGA #WeThePeople #followthewhiterabbit #WWG1WGA #SpyGate #RedWaveRising #EnoughIsEnough #WalkAway #propaganda URL,5,,,0.26463,0.14907514,0.04021613,0.09942756,0.31795862,0.24605702,0.33278286
109,16070,<built-in method utcnow of type object at 0x10dc45478>,RT @KoolQueef: I color my entire arm black with a sharpie and fist my wife's asshole just so she knows what a nigger dick feels like.,1,,,0.9491115,0.8489036,0.97458434,0.9559142,0.9091764,0.9399891,0.7926859
110,108011,<built-in method utcnow of type object at 0x10dc45478>,@USER Drill baby drill,5,,,0.31515953,0.5452227,0.3953529,0.27741832,0.17085294,0.13314764,0.62624955
111,82703,<built-in method utcnow of type object at 0x10dc45478>,@USER Arrest everyone of them! We should be doing the same to ANTIFA when they block roads!,2,,,0.1820681,0.5205675,0.10437619,0.14588192,0.15355283,0.12238504,0.35447624
112,85821,<built-in method utcnow of type object at 0x10dc45478>,@USER @USER It's almost comical at this point,2,,,0.30583683,0.16389889,0.22422285,0.33668604,0.24380708,0.11855943,0.24411021
113,118608,<built-in method utcnow of type object at 0x10dc45478>,@USER @USER Stop wasting your time and breath with @USER He is a complete waste of space. Why not speak with the Few decent folks on Fox like Baer or Shep ?,5,,,0.56555456,0.19957113,0.06819824,0.25975707,0.70199466,0.1805196,0.33508188
114,84029,<built-in method utcnow of type object at 0x10dc45478>,@USER @USER @USER If you are the type of iphone user who loves taking pictures etc then go for the 256gb,7,,,0.4562861,0.26838925,0.28546795,0.41958812,0.45266348,0.18942414,0.35723913
115,114354,<built-in method utcnow of type object at 0x10dc45478>,"@USER @USER @USER @USER @USER @USER @USER @USER @USER Don't know what you mean by independent media"" but I read MSM and they tell me that antifa are, in fact, the violent leftists who are causing all the problems at protests. What I see is right-wing media painting all Liberal protestors as the same as antifa.""",8,,,0.37458172,0.27807042,0.10188664,0.16867726,0.4141561,0.44701996,0.37891307
116,73759,<built-in method utcnow of type object at 0x10dc45478>,@USER @USER Seemed bona fide to me when I did a quick check before using it (after nicking it from a tweet I saw). For instance; URL,7,,,0.14674008,0.18459906,0.16291207,0.16891298,0.0949557,0.07044814,0.31954247
117,90914,<built-in method utcnow of type object at 0x10dc45478>,@USER @USER Also he is not even ACCUSED of rape.,2,,,0.69542736,0.65975285,0.8777541,0.6544642,0.508415,0.259453,0.41764015
118,107904,<built-in method utcnow of type object at 0x10dc45478>,@USER What would this line putz know about what conservatives think?,4,,,0.3115929,0.13807014,0.174442,0.2264488,0.34972188,0.14532717,0.33938953
119,103552,<built-in method utcnow of type object at 0x10dc45478>,@USER @USER @USER @USER Source? Legit only. No FAUX or its minions.  And just in case: antifa = anarchists. They are not left.  Last: URL,6,,,0.32512778,0.26612562,0.09276526,0.15737009,0.37000725,0.26238322,0.38159394
120,42258,<built-in method utcnow of type object at 0x10dc45478>,@USER Right on üëçüëç  #MAGA üá∫üá∏üôèüá∫üá∏ #WWG1WGA üá∫üá∏üëäüá∫üá∏,6,,,0.23169069,0.2769825,0.1255143,0.18385448,0.15367359,0.13744119,0.26554245
121,19246,<built-in method utcnow of type object at 0x10dc45478>,RT @imDOPE_GetHigh: @Whackko man some lame niggah when I find him I'm unfollowing TF out his ass!,9,,,0.9409462,0.7041747,0.97149086,0.9521699,0.895227,0.92455935,0.67279285
122,57526,<built-in method utcnow of type object at 0x10dc45478>,4A: Texas Medical Board engaging in warrantless searches of doctor‚Äôs offices in ‚Äòback-door gun control‚Äô effort  URL,3,,,0.07184609,0.15336461,0.047499042,0.03986323,0.035958786,0.061669562,0.28451613
123,30325,<built-in method utcnow of type object at 0x10dc45478>,@USER If you seem like a nice person? Maybe if people got to know you they could see that you are worth to be cared about?,8,,,0.22655362,0.118771,0.070207864,0.1481231,0.25030443,0.10359591,0.5158199
124,110541,<built-in method utcnow of type object at 0x10dc45478>,@USER @USER @USER Brains and beauty. Love her show. Now she is on prime time Oct 15th. I get to watch the whole show. Yay!,4,,,0.1737465,0.11517857,0.15537393,0.19891624,0.15193187,0.062127892,0.91981745
125,108365,<built-in method utcnow of type object at 0x10dc45478>,@USER @USER @USER @USER @USER crushing a pc player with Kb/Mouse with controller in a FPS is unrealistic. Unless he is playing games for the first time or using keyboard mouse for the first time,7,,,0.1665431,0.34780788,0.079095006,0.14369301,0.13106118,0.060118362,0.4015307
126,58111,<built-in method utcnow of type object at 0x10dc45478>,@USER @USER Yeah Im thinking he might too.  He is working on Sam and he has Kaycee convinced he wont target her due to LGBQT.  I need a mega phone!!,3,,,0.17143449,0.2524881,0.120114826,0.15092386,0.16351394,0.07510398,0.3877541
127,48149,<built-in method utcnow of type object at 0x10dc45478>,@USER @USER @USER @USER And he is probably loaded üòÇüòÇüòÇ he done cod for 8 years üòÇüòÇüòÇüòÇ he had sponsors before that so it aint about money..,8,,,0.27501923,0.17093821,0.15060519,0.22175366,0.28015357,0.08074132,0.3333954
128,106586,<built-in method utcnow of type object at 0x10dc45478>,@USER You're welcome and I do mean it. You are super cute,5,,,0.11944651,0.04947724,0.18841645,0.13864708,0.07283385,0.051396597,0.97637796
129,115713,<built-in method utcnow of type object at 0x10dc45478>,@USER She is! üôèüèª‚ù§Ô∏è,6,,,0.15253583,0.15572451,0.15501659,0.14372386,0.12814961,0.089943886,0.55188733
130,87206,<built-in method utcnow of type object at 0x10dc45478>,@USER @USER I can tell you are lying because her lips are moving. To think I voted for you and your lies. What a mug. The conservatives will never receive my vote again.,5,,,0.60508716,0.07270793,0.26062202,0.30910906,0.70199466,0.21753305,0.5834884
131,68417,<built-in method utcnow of type object at 0x10dc45478>,@USER World need much much more of this. Antifa are venom.,3,,,0.2506478,0.23866294,0.059044518,0.1500968,0.25830796,0.117419995,0.26425678
132,18574,<built-in method utcnow of type object at 0x10dc45478>,RT @anthonycampos23: Lebron your still a bitch you suck nigger hope you die,4,,,0.9897058,0.9740376,0.9002992,0.97438526,0.97522783,0.95402986,0.66617304
133,74824,<built-in method utcnow of type object at 0x10dc45478>,@USER @USER @USER @USER I blocked @USER I don't want Conservatives here this is a safe place for all #resisters,8,,,0.48136738,0.2703073,0.20773603,0.41907787,0.4460977,0.42907575,0.25527957
134,88007,<built-in method utcnow of type object at 0x10dc45478>,@USER URL It's a guy. Guy looks like a Sheila. #QANON #MAGA #GREATAWAKENING -Crocodile Dundee URL,9,,,0.3013378,0.15625025,0.19324444,0.23285098,0.29547235,0.15867613,0.3630408
135,31662,<built-in method utcnow of type object at 0x10dc45478>,@USER True. But he is a pretty damn good QB though.,8,,,0.36814559,0.08266911,0.05662003,0.64375234,0.40319383,0.06721992,0.7784964
136,87145,<built-in method utcnow of type object at 0x10dc45478>,@USER And Donald Trump will never be president,0,,,0.40319386,0.15875709,0.12402405,0.24615915,0.44871646,0.2878559,0.25222185
137,65329,<built-in method utcnow of type object at 0x10dc45478>,@USER He will get what he deserves in the Mens prison........,5,,,0.5154597,0.76538056,0.14627242,0.17507906,0.3872405,0.18451986,0.4275372
138,68171,<built-in method utcnow of type object at 0x10dc45478>,@USER @USER @USER Are you guys really still supporting the @USER party that suspended you all because you went into coalition with the @USER  Deary me Talk about desperation to be noticed,5,,,0.40939745,0.2252989,0.25945356,0.39053038,0.35470685,0.13974005,0.3903947
139,102828,<built-in method utcnow of type object at 0x10dc45478>,"@USER Ouch that hurt""  Well anyway you are?""",0,,,0.17434981,0.18534902,0.088667534,0.093582116,0.1484775,0.070152536,0.35598123
140,80290,<built-in method utcnow of type object at 0x10dc45478>,@USER @USER @USER @USER @USER @USER @USER @USER @USER @USER @USER @USER @USER @USER @USER @USER @USER @USER @USER @USER @USER @USER @USER @USER @USER @USER @USER @USER @USER @USER @USER @USER @USER @USER @USER @USER @USER @USER @USER @USER @USER @USER @USER @USER @USER @USER @USER @USER @USER @USER Some volient actions are done to defend one self. Antifa goal is to stop bank monopoles on our nations.,5,,,0.24114825,0.18721452,0.13410065,0.16221052,0.22678292,0.18552835,0.36199126
141,56866,<built-in method utcnow of type object at 0x10dc45478>,@USER This is not conservative. What has happened to our party ? Lost the plot. @USER,1,,,0.20630382,0.11462706,0.14496128,0.17565325,0.19030383,0.14603926,0.31903002
142,100533,<built-in method utcnow of type object at 0x10dc45478>,@USER He does have a magic wand and he does know what to do.,3,,,0.23813654,0.18478917,0.38717124,0.2217112,0.18804295,0.11896068,0.6799085
143,100501,<built-in method utcnow of type object at 0x10dc45478>,@USER @USER @USER @USER @USER Thank you mama cookie she is my long distance cousin. She will treat you well.,9,,,0.33765158,0.15131667,0.35834885,0.3479164,0.29477823,0.13568811,0.6316517
144,117608,<built-in method utcnow of type object at 0x10dc45478>,@USER @USER @USER Even those who voted leave did not vote for this @USER @USER,7,,,0.46463507,0.16891952,0.14700028,0.4115296,0.4729554,0.18500079,0.24037158
145,86091,<built-in method utcnow of type object at 0x10dc45478>,@ new york yankees yall better start acting like champions bc that's what you are i have a lot of student loan debt and PLENTY of time to come to the bronx to shake-yell-motivate each and every one of you pinstriped millionaires i believe in you and im watching URL,0,,,0.14876717,0.1309765,0.067022674,0.09252165,0.14508553,0.0850547,0.42138597
146,1709,<built-in method utcnow of type object at 0x10dc45478>,&#8220;@boojieque: &#128514;&#128169;RT @WebbMadeThis: Lemme find out you niggaz letting bitches shit on yo faces&#8221; &#128557; niggas is weirdos,5,,,0.9582178,0.3775338,0.49920434,0.95873165,0.9615531,0.95126724,0.41294867
147,83646,<built-in method utcnow of type object at 0x10dc45478>,@USER @USER @USER @USER @USER @USER Bro we are one big happy family,5,,,0.31089434,0.24442168,0.20333779,0.3181567,0.25922266,0.1699604,0.2780736
148,111115,<built-in method utcnow of type object at 0x10dc45478>,@USER @USER Thank you @USER,8,,,0.27483454,0.1514427,0.25347713,0.3297836,0.21342131,0.14120993,0.267201
149,47273,<built-in method utcnow of type object at 0x10dc45478>,@USER thank you for signing Shelby‚Äôs poster last night! She is still so excited. We are so proud of our big win! #OneTROY #GoTrojans #ProudAlum URL,3,,,0.17013428,0.1260067,0.17956509,0.14070511,0.20830974,0.11142515,0.6638588
150,109834,<built-in method utcnow of type object at 0x10dc45478>,@USER @USER Whatever happened to innocent until proven guilty... liberals just want Kavanaugh to be guilty because Trump picked him. Get over yourselves,8,,,0.48281384,0.3943623,0.14735349,0.28484654,0.5300359,0.3137336,0.38627896
151,95566,<built-in method utcnow of type object at 0x10dc45478>,@USER @USER @USER Thanks for the resistance boycott any means nessasary losers they Hollywood MSM Rinos Google Facebook and Twitter China Jack Black haters ANTIFA are ruining our country enough we need a wall,5,,,0.76661664,0.16502278,0.098785445,0.32897782,0.80613285,0.7337454,0.33991504
152,73550,<built-in method utcnow of type object at 0x10dc45478>,@USER sorry for so much bs to get to this but here is the article i read URL,3,,,0.15499437,0.16692658,0.09912893,0.16580415,0.14202815,0.09995334,0.27660185
153,92257,<built-in method utcnow of type object at 0x10dc45478>,@USER @USER @USER drama queen- we r loving this booming economy more jobs!!! IT‚ÄôS THE ECONOMY and You are against us -u need to chill have a coke and a smile!,6,,,0.31089434,0.104565606,0.05924879,0.13290553,0.35629344,0.10775584,0.5691499
154,93453,<built-in method utcnow of type object at 0x10dc45478>,@USER But where is Antifa going to shop now?,7,,,0.10652323,0.15100957,0.0460423,0.089325674,0.0801375,0.07978037,0.24401788
155,75662,<built-in method utcnow of type object at 0x10dc45478>,@USER If she is close by I don‚Äôt mind checking in on her. I‚Äôm in Greenville NC,3,,,0.31089434,0.30391687,0.3628626,0.2806986,0.18736066,0.23295335,0.5891591
156,96244,<built-in method utcnow of type object at 0x10dc45478>,@USER @USER @USER The conservatives are winning because of a turn coat liberal?  So you're admitting cons are failed libs?,9,,,0.43923122,0.04992638,0.07504776,0.19897017,0.5160453,0.25061148,0.23037021
157,33519,<built-in method utcnow of type object at 0x10dc45478>,@USER @USER @USER @USER Don't you liberals want to lower the voting age to 16,8,,,0.5186204,0.39643198,0.23619471,0.43408096,0.51010334,0.43237567,0.33646157
158,20611,<built-in method utcnow of type object at 0x10dc45478>,"Same reason u look like anthony davis with them eyebrows""@RyanH_Slick: Why the fuck do niggers act so different when girls are around?:-S""",6,,,0.8785311,0.31929496,0.7407407,0.9187994,0.8453147,0.9047819,0.5565559
159,115265,<built-in method utcnow of type object at 0x10dc45478>,@USER @USER So a cop kills someone and this becomes a gun control issue?,5,,,0.5054415,0.8505471,0.06427048,0.27351022,0.24797341,0.11095388,0.20764312
160,19898,<built-in method utcnow of type object at 0x10dc45478>,RT @realist_iLLest: Mine too &#128513;&#128588;&#128076; RT &#8220;@187XO_: This ma niggah @trigga_tre123 &#128076;&#8221;,7,,,0.74416393,0.36877215,0.26621398,0.7368466,0.7683361,0.8629483,0.49670267
161,91535,<built-in method utcnow of type object at 0x10dc45478>,@USER I‚Äôm sorry you think @USER is telling you the truth on his Twitter feed.  He‚Äôs not.  He is an employee of the @USER and gets paid to lie.  It‚Äôs his job.,8,,,0.31120053,0.17806737,0.110898,0.17103939,0.36301327,0.110925056,0.36560482
162,10451,<built-in method utcnow of type object at 0x10dc45478>,I hate dumb bitches,2,,,0.97921956,0.27738118,0.43264192,0.9834991,0.974214,0.86325455,0.2280096
163,49637,<built-in method utcnow of type object at 0x10dc45478>,#PlannedParenthood is still receiving over half a billion dollars a year from the #USGoverment. #Abortion is another form of #Slavery  #Savethe8th #prolife #ccot #RedNationRising #teaparty #conservatives #MAGA Don't #repealthe8th #teaparty #PJNET URL URL,2,,,0.15521352,0.20523518,0.07432609,0.081508204,0.1544993,0.13897775,0.2826757
164,36581,<built-in method utcnow of type object at 0x10dc45478>,@USER Hogg doesn't  have a clue about life .,3,,,0.16821887,0.10161381,0.06274276,0.10414796,0.15945002,0.07838195,0.19804844
165,2439,<built-in method utcnow of type object at 0x10dc45478>,@AnUglyNigga this is retarded,6,,,0.76856804,0.2691674,0.14279431,0.729044,0.80613285,0.802859,0.22227408
166,63158,<built-in method utcnow of type object at 0x10dc45478>,5 of 5 stars to You Are a Badass by Jen Sincero URL,7,,,0.6049681,0.2578056,0.38790858,0.6218042,0.67521054,0.23557164,0.378661
167,3963,<built-in method utcnow of type object at 0x10dc45478>,@Lovelesslovely @Kwitchabichen25 hey aklve! Im taking out the black ghetto trash. Youre blocked nigger,2,,,0.9019112,0.63215166,0.34732357,0.83350897,0.90297514,0.95402986,0.5232843
168,16607,<built-in method utcnow of type object at 0x10dc45478>,RT @NateThaAlmighty: niggas talk more than bitches these days.,4,,,0.94992846,0.30893815,0.53150195,0.96033174,0.95221114,0.9444457,0.3713956
169,110575,<built-in method utcnow of type object at 0x10dc45478>,@USER @USER Boi if you don't,0,,,0.33718443,0.21408918,0.17174706,0.33401066,0.25801325,0.130989,0.21241085
170,116596,<built-in method utcnow of type object at 0x10dc45478>,@USER @USER Yes he is but that has little to do with beating the Giants from the TE position,9,,,0.37153172,0.74509245,0.08045552,0.2488579,0.22550602,0.12420381,0.26002756
171,62992,<built-in method utcnow of type object at 0x10dc45478>,@USER What‚Äôs the difference between #Kavanaugh and @USER   One of these men admitted to groping a 15 year old girl years ago.  The other is going to be #confirmed to the SCJ   #DemsareFrauds #DemsAreDone   #WalkAwayDemocrats2018 #redwave #VoteRedSaveAmerica #trumptrain #MAGA URL,9,,,0.26364297,0.23894443,0.29800963,0.20526563,0.29801336,0.2215766,0.565758
172,69641,<built-in method utcnow of type object at 0x10dc45478>,@USER Antifa's been busy lately it seems.,3,,,0.16630732,0.1069095,0.13696341,0.16241308,0.1625658,0.11318587,0.27214497
173,56623,<built-in method utcnow of type object at 0x10dc45478>,...Conservatives and Twitter.....oxymoronü§î URL,6,,,0.31354308,0.084329195,0.041154295,0.052801743,0.43236795,0.16812594,0.3602277
174,11667,<built-in method utcnow of type object at 0x10dc45478>,"If you say any of the following words the convo is over: nigger, nigga, swag, yolo, fag, retard.",9,,,0.9429165,0.2852645,0.35329664,0.9350104,0.95973366,0.96481866,0.24606974
175,38057,<built-in method utcnow of type object at 0x10dc45478>,5 slain in Southern California shootings; gunman kills self (from @USER Another mass shooting.   When will we learn that it‚Äôs past time to do something about gun control? URL,0,,,0.53490317,0.8763936,0.08245292,0.24167502,0.29441237,0.3027573,0.3644404
176,39481,<built-in method utcnow of type object at 0x10dc45478>,@USER Winston thinks she is lovely URL,1,,,0.15957369,0.10306708,0.18521592,0.17258418,0.11407241,0.08688834,0.967854
177,93255,<built-in method utcnow of type object at 0x10dc45478>,#Florida what did we do??? This only adds to the concerns that gun rights activists have with Ron DeSantis.¬† He voted in favor of adding the Feinstein-backed ‚ÄúFix NICS‚Äù gun control expansion to the Omnibus spending bill in Congress... URL,7,,,0.12820204,0.14194529,0.031085277,0.027904691,0.11095617,0.11875103,0.366547
178,49779,<built-in method utcnow of type object at 0x10dc45478>,@USER @USER #brexit @USER So we are being dangled another fictional carrot by CONservatives of an increase in social housing in 2021......we don‚Äôt know what‚Äôs happening in 6 months? Are we meant to be as stupid as Trump supporters and swallow this propaganda?,9,,,0.7762901,0.219224,0.15871488,0.4344229,0.8824053,0.20644975,0.3914353
179,34919,<built-in method utcnow of type object at 0x10dc45478>,@USER @USER TWO YEARS TO HAND HER HOMEWORK IN......AND ITS STILL LAST MINUTE AND UNPREPARED. @USER PARTY OF BUSINESSüòÇü§£üòÇü§£üòÇü§£ CANT EVEN COBBLE A CONTRACT PROPOSAL TOGETHER IN 24 MONTHS. WOULD NEVER SURVIVE IN A REAL WORLD BUSINESS. @USER @USER @USER,2,,,0.34330142,0.52286434,0.22577481,0.31492212,0.2800747,0.15648612,0.54776394
180,100467,<built-in method utcnow of type object at 0x10dc45478>,@USER Crazy Russian dude owns all your data,5,,,0.47672552,0.07328102,0.12525995,0.27980375,0.51146,0.53555703,0.21207957
181,80441,<built-in method utcnow of type object at 0x10dc45478>,@USER You are a definite follow! O-H,9,,,0.29138565,0.11671122,0.14098355,0.23416361,0.34946746,0.24835704,0.57313865
182,91760,<built-in method utcnow of type object at 0x10dc45478>,+ i can't talk to anyone so if i answered your message you are so special for me,6,,,0.2420684,0.19932601,0.11734686,0.11678261,0.20208688,0.09218708,0.5902805
183,110734,<built-in method utcnow of type object at 0x10dc45478>,@USER @USER @USER @USER @USER @USER @USER @USER @USER I'd rather not make JRM PM... üòÅ,2,,,0.24070399,0.11510824,0.21774161,0.20432635,0.15724193,0.07122229,0.37895584
184,74043,<built-in method utcnow of type object at 0x10dc45478>,@USER It‚Äôs a brilliant idea! Since all the liberals want open boarders we have to pay for them someway what would you suggest @USER ? Build the dam wall and start taking care of the American people!! Trump 2020 üá∫üá∏ #draintheswamp,7,,,0.24242304,0.12598512,0.050456293,0.15014713,0.3054612,0.22189392,0.43051785
185,74676,<built-in method utcnow of type object at 0x10dc45478>,Lyin #BrettKavanaugh &amp; His Sexual Assault Accuser Professor #ChristineBlaseyFord Are Willing to Testify Before Senate Committee. #StopKanavaugh #LiesUnderOath #SaveSCOTUS #CorruptGOP #maga #NoManIsAboveTheLaw #TrumpIsGuilty #VoteBlue #VoteBlue2018 via @USER URL,2,,,0.6027047,0.13585576,0.7407407,0.42748407,0.6115292,0.28748223,0.48561388
186,118661,<built-in method utcnow of type object at 0x10dc45478>,@USER @USER @USER @USER It‚Äôs good to know there‚Äôs always a second option.,8,,,0.19238503,0.16902187,0.1712198,0.25226542,0.16119507,0.097523995,0.30325577
187,111273,<built-in method utcnow of type object at 0x10dc45478>,@USER She is proud of herself and that is good for motivation when she is doubting herself because probably her Label isnt getting her paid.,2,,,0.18216017,0.06261026,0.12383318,0.1426962,0.213927,0.16128251,0.24420819
188,63235,<built-in method utcnow of type object at 0x10dc45478>,"1/ Party Conference is a good time to remind Parties, particularly the governing party @USER what their mandate actually is and what it is not.  What exactly is the will of the people"" on #Brexit ?""",1,,,0.103065714,0.03876888,0.03842103,0.048142787,0.113659546,0.07897668,0.24163754
189,106689,<built-in method utcnow of type object at 0x10dc45478>,"@USER @USER @USER @USER @USER Our debt is not unsubstantiated.  It is backed by the full faith and credit"" of the United States, except when conservatives decide they don't believe in that.""",0,,,0.13576835,0.033158448,0.039599754,0.085549034,0.108314216,0.13779204,0.25388956
190,67727,<built-in method utcnow of type object at 0x10dc45478>,@USER @USER Owl‚Äôs kid will be the commander of Antifa one day. He/She won‚Äôt have time for college because they will be too busy fighting Nazis on camera,4,,,0.51116514,0.56451553,0.14913957,0.3188241,0.46379438,0.58523935,0.3632183
191,92091,<built-in method utcnow of type object at 0x10dc45478>,"REPORT: Christine Blasey Ford ‚Äòprepared to testify‚Äô ‚Äî but there are some catches""  URL #TCOT #MAGA #RedNationRising""",4,,,0.031568397,0.037810016,0.05880593,0.025794487,0.015306384,0.008860741,0.30698875
192,60187,<built-in method utcnow of type object at 0x10dc45478>,@USER God he is so easy to play it's embarrassing,1,,,0.37650385,0.098656446,0.07113183,0.26764685,0.3710747,0.24040873,0.24320658
193,46527,<built-in method utcnow of type object at 0x10dc45478>,@USER @USER @USER @USER But here is an easy chance to prove me wrong. Show me one instance where increased gun control in this country caused a decrease in crime with guns.,7,,,0.2972811,0.4385959,0.0844168,0.17293179,0.24666487,0.18532781,0.262176
194,43087,<built-in method utcnow of type object at 0x10dc45478>,@USER @USER I believe he is formerly law enforcement before a career change.,8,,,0.16408938,0.08075487,0.085015036,0.17806362,0.16201644,0.0666239,0.18509084
195,6789,<built-in method utcnow of type object at 0x10dc45478>,@oVoshubham No the fuck am not bitch how bout u get out there bitch ass Nigga stupid ass,4,,,0.98128605,0.71914434,0.97458434,0.9834801,0.9615531,0.9423615,0.69901764
196,114397,<built-in method utcnow of type object at 0x10dc45478>,@USER @USER Ask Antifa - Which one they like &amp; respect,3,,,0.24034135,0.2807052,0.24838023,0.26612866,0.15532015,0.141388,0.50637203
197,75687,<built-in method utcnow of type object at 0x10dc45478>,@USER I agree 100% &amp; then some! Please go to work @USER ! That's 49 Senators who need to please take a stand against the Obstructionist Liberals! Quit allowing them to make you look inept! Lead or Resign! @USER URL,5,,,0.6364068,0.4372925,0.13148323,0.41203207,0.72673565,0.39541045,0.40727773
198,50089,<built-in method utcnow of type object at 0x10dc45478>,@USER @USER an adult in the room might get things done. If that happens Liberals will take credit if not Doug will be blamed for sticking his noses inz.,1,,,0.39972436,0.25706622,0.15388457,0.19719824,0.47048828,0.37150466,0.4298188
199,35554,<built-in method utcnow of type object at 0x10dc45478>,@USER @USER Antifa will sign anything if they‚Äôre paid enough.,7,,,0.24020922,0.24222136,0.12463726,0.19517195,0.20234112,0.11223824,0.36565205
